0,20,69,63,35,62,30,13,80,56,65,57,55,26,30,41,80,35,82,60,85,67,75,49,50,65,60,43,88,54,20,63,70,43,65,26,49,53,41,40,60,64,74,63,51,51,52,28,65,67,30,51,20,56,46,40,13,71,28,12,56,32,54,77,48,56,46,44,45,29,37,78,64,36,21,72,75,79,53,50,87,8,59,69,74,66,84,71,70,51,57,36,35,51,14,10,94,45,57,22
20,0,32,66,51,58,29,43,88,49,41,44,58,61,8,5,48,39,26,51,91,66,53,73,44,65,91,43,53,71,49,36,48,68,28,25,49,59,53,58,68,11,59,16,76,60,85,64,14,66,43,44,74,44,24,47,42,36,57,73,42,61,85,46,51,69,65,63,59,34,44,41,38,41,67,45,2,43,21,63,47,62,20,58,38,36,30,18,12,47,57,54,78,31,61,80,49,47,48,37
69,32,0,51,46,92,53,26,12,53,19,80,26,43,58,64,45,39,51,61,52,46,33,64,79,83,54,50,61,59,35,59,35,22,43,55,75,79,19,95,70,85,66,56,76,76,35,80,73,45,77,57,38,12,23,65,77,58,65,61,61,70,73,91,38,57,7,47,45,100,39,64,54,40,18,34,42,40,52,33,65,79,82,60,56,34,76,52,50,90,61,48,46,46,70,8,34,40,79,10
63,66,51,0,39,37,55,68,71,60,25,81,48,36,50,9,68,87,49,77,72,32,35,41,46,46,70,35,68,51,44,35,54,48,58,65,78,40,43,47,26,56,40,65,73,40,63,48,37,33,94,23,56,36,21,17,79,81,64,24,63,97,63,29,35,81,46,19,66,29,56,83,65,34,45,65,86,37,34,25,20,44,37,88,69,46,8,44,72,63,87,54,68,44,80,64,47,61,74,59
35,51,46,39,0,53,45,10,83,91,76,81,28,15,53,68,26,51,37,51,59,61,48,33,45,83,74,97,56,19,57,24,53,89,50,84,61,59,75,50,86,74,28,39,90,36,46,4,85,46,1,51,34,40,55,33,44,41,15,65,33,83,35,58,39,37,37,30,34,39,45,68,76,43,35,68,38,40,53,45,72,87,40,28,55,87,34,32,50,41,56,85,77,7,64,41,28,58,15,39
62,58,92,37,53,0,68,67,73,66,54,72,43,75,52,59,55,36,28,15,64,86,51,33,20,38,49,36,46,17,15,17,25,89,25,74,43,84,36,54,3,24,25,50,33,74,11,68,49,49,62,44,85,44,91,21,57,47,57,80,63,57,50,38,88,49,73,72,30,52,33,20,37,73,50,75,60,57,37,32,26,51,55,68,68,68,94,38,49,43,24,67,44,27,77,49,45,93,52,78
30,29,53,55,45,68,0,49,74,41,34,51,37,63,13,51,48,50,52,29,27,44,55,42,28,72,52,29,67,43,81,34,29,24,70,50,93,44,44,52,37,82,27,82,62,27,46,82,73,61,75,85,89,83,53,37,28,72,40,49,59,53,31,78,57,17,54,24,47,26,66,73,44,45,19,50,36,28,39,76,45,69,63,54,38,16,43,50,53,95,72,53,17,22,58,56,81,44,65,78
13,43,26,68,10,67,49,0,24,55,58,34,53,58,74,22,58,23,63,44,37,43,24,35,63,30,68,37,52,63,55,56,59,13,39,64,26,59,38,59,28,22,31,62,44,48,94,34,26,22,62,40,51,49,84,89,41,79,33,72,32,56,26,55,57,60,77,51,40,85,78,38,63,58,47,85,51,62,54,34,93,18,49,80,60,70,14,63,38,46,77,42,65,78,65,11,48,43,29,13
80,88,12,71,83,73,74,24,0,32,34,82,49,49,48,45,52,22,49,52,48,55,77,33,54,62,45,37,32,39,73,47,77,47,40,22,28,33,84,60,31,80,18,75,64,58,27,60,51,62,81,21,79,62,23,84,77,80,71,42,48,64,74,70,43,84,58,41,57,63,90,33,50,49,60,36,63,41,68,46,47,43,36,54,65,44,5,25,32,51,79,29,86,22,20,20,45,31,46,46
56,49,53,60,91,66,41,55,32,0,67,55,57,84,28,71,28,38,9,60,73,60,34,45,37,68,47,30,35,67,49,48,52,24,44,17,54,49,54,55,16,29,36,65,20,87,40,41,51,29,5,35,39,46,59,50,17,53,69,8,39,13,82,63,83,61,73,42,71,54,56,35,32,60,13,40,40,22,65,13,50,24,78,20,37,66,51,95,81,57,47,69,54,35,65,21,59,14,64,37
65,41,19,25,76,54,34,58,34,67,0,44,59,40,48,57,47,20,96,26,46,27,50,31,87,68,36,20,42,33,39,85,77,43,47,53,88,85,66,8,56,90,40,47,53,67,31,85,53,39,41,65,60,32,82,8,34,45,69,87,66,71,39,64,80,35,50,79,66,29,91,58,56,46,6,71,66,24,37,73,97,20,16,15,47,67,59,55,50,24,57,49,74,72,75,57,53,46,59,53
57,44,80,81,81,72,51,34,82,55,44,0,35,48,51,53,42,53,65,60,34,40,31,50,50,86,38,59,54,40,74,49,40,51,65,19,49,48,62,68,39,77,51,61,70,85,58,69,62,87,79,71,42,41,36,55,35,38,87,52,57,89,62,43,81,80,31,68,64,66,54,17,65,35,33,79,55,33,41,83,53,14,79,29,40,37,39,58,15,53,14,70,23,46,62,45,17,60,45,29
55,58,26,48,28,43,37,53,49,57,59,35,0,52,42,80,18,48,35,58,20,82,32,67,44,25,40,53,59,43,28,28,34,79,46,48,56,54,29,58,19,80,14,41,55,66,26,50,61,78,60,46,48,44,41,84,38,69,72,30,51,53,23,33,47,54,2,44,48,40,30,41,52,43,40,72,46,53,40,68,70,54,36,27,2,89,36,52,19,39,37,34,67,76,57,60,45,50,43,80
26,61,43,36,15,75,63,58,49,84,40,48,52,0,15,49,32,15,89,46,38,36,55,48,63,80,50,56,55,39,38,24,35,38,57,21,52,58,46,81,41,68,78,96,37,27,61,58,60,41,49,26,71,83,5,17,46,27,65,44,18,7,49,83,22,30,49,80,53,35,46,55,83,45,65,74,52,46,91,4,60,91,76,56,92,48,48,59,80,82,52,31,38,66,81,53,68,14,72,35
30,8,58,50,53,52,13,74,48,28,48,51,42,15,0,51,45,54,32,73,37,69,53,81,3,11,43,55,79,77,57,41,60,16,44,56,13,96,72,83,58,23,13,59,45,48,16,70,49,19,48,76,50,70,75,45,53,48,44,37,11,55,44,51,98,49,75,29,31,56,62,8,77,85,63,57,60,37,47,40,66,38,81,46,82,49,58,61,13,42,51,81,31,56,63,30,99,22,45,47
41,5,64,9,68,59,51,22,45,71,57,53,80,49,51,0,29,66,34,43,84,33,51,6,65,66,38,23,71,49,15,37,20,57,39,51,47,73,4,52,79,4,37,47,62,5,58,90,55,80,42,46,54,27,52,21,65,68,35,61,48,8,45,93,37,58,75,66,19,52,90,37,72,28,46,57,52,35,26,44,39,41,58,61,38,59,27,47,64,41,50,18,42,37,16,66,45,45,67,50
80,48,45,68,26,55,48,58,52,28,47,42,18,32,45,29,0,48,56,78,39,69,26,49,89,39,30,60,46,34,55,66,72,36,31,65,22,89,12,61,52,90,31,76,50,47,56,73,97,67,76,34,16,37,44,84,91,92,16,17,25,35,36,31,55,78,34,42,32,53,23,27,89,26,38,68,31,63,19,34,64,34,79,68,48,53,51,40,75,49,75,49,25,95,45,42,87,49,62,58
35,39,39,87,51,36,50,23,22,38,20,53,48,15,54,66,48,0,68,29,74,56,60,69,40,54,64,80,81,47,83,44,20,64,44,52,32,45,67,63,57,59,13,57,68,45,58,79,64,62,37,93,79,64,76,64,63,82,93,20,7,87,31,35,74,50,51,32,44,69,5,30,55,96,66,48,22,48,57,30,77,82,62,74,39,55,52,51,24,38,93,19,88,43,54,66,51,47,72,45
82,26,51,49,37,28,52,63,49,9,96,65,35,89,32,34,56,68,0,60,41,54,51,59,45,77,59,31,37,68,33,54,30,73,65,41,92,21,47,40,10,81,42,73,37,52,73,54,57,40,75,72,41,82,63,46,64,52,20,50,21,36,49,66,66,40,53,55,28,71,62,42,64,63,37,15,50,55,31,60,68,47,49,55,36,92,74,44,38,81,23,53,49,33,60,62,58,60,35,85
60,51,61,77,51,15,29,44,52,60,26,60,58,46,73,43,78,29,60,0,56,29,47,59,41,88,47,83,39,44,80,57,48,38,41,31,24,41,65,18,40,57,71,51,49,79,28,34,50,33,42,65,55,65,88,56,88,54,70,79,45,53,61,24,46,36,47,31,25,26,60,23,39,62,46,15,88,78,18,80,71,29,53,66,51,68,52,69,50,45,43,58,42,73,57,71,65,60,50,86
85,91,52,72,59,64,27,37,48,73,46,34,20,38,37,84,39,74,41,56,0,21,21,38,54,34,66,72,75,74,53,48,67,45,64,55,54,46,85,81,67,37,5,71,65,54,73,46,38,66,86,50,57,55,75,49,83,78,75,52,58,47,45,51,50,20,67,64,58,46,49,38,46,31,73,38,54,48,3,43,15,46,47,74,64,50,52,65,25,69,65,85,34,68,43,38,65,78,89,85
67,66,46,32,61,86,44,43,55,60,27,40,82,36,69,33,69,56,54,29,21,0,50,33,38,38,64,44,27,47,41,62,59,47,36,55,36,49,36,52,8,60,21,64,84,26,84,76,52,73,60,70,44,53,51,22,57,84,47,45,8,75,57,36,49,46,66,56,50,53,58,55,43,13,37,66,58,24,64,66,61,28,30,34,77,24,72,66,39,57,90,46,52,70,55,56,79,66,30,73
75,53,33,35,48,51,55,24,77,34,50,31,32,55,53,51,26,60,51,47,21,50,0,52,66,55,24,38,50,50,25,82,70,68,55,69,44,87,27,18,55,50,68,67,55,53,51,41,71,53,43,19,53,47,50,16,24,37,8,72,91,23,54,37,63,52,60,65,77,86,67,32,37,45,50,78,67,53,45,90,51,33,26,70,69,81,67,17,41,47,60,42,63,64,67,45,34,80,91,48
49,73,64,41,33,33,42,35,33,45,31,50,67,48,81,6,49,69,59,59,38,33,52,0,36,77,22,91,96,58,83,26,34,76,48,55,94,37,29,72,47,50,22,71,14,51,46,44,56,46,67,58,37,57,36,57,72,43,46,29,49,80,78,62,68,33,47,22,73,54,32,69,12,37,73,64,11,80,9,33,64,31,62,24,22,44,60,61,52,71,64,37,21,41,34,25,35,60,47,90
50,44,79,46,45,20,28,63,54,37,87,50,44,63,3,65,89,40,45,41,54,38,66,36,0,93,54,51,78,56,32,81,52,61,42,80,35,16,53,64,56,52,16,37,52,76,72,16,47,79,79,35,36,28,63,61,61,90,31,27,41,40,12,27,58,29,57,33,51,40,72,45,50,20,53,41,22,17,45,20,46,68,58,74,64,34,78,57,61,53,24,85,51,52,35,47,57,75,48,16
65,65,83,46,83,38,72,30,62,68,68,86,25,80,11,66,39,54,77,88,34,38,55,77,93,0,45,34,47,74,55,3,53,82,75,54,15,46,50,80,28,51,55,31,35,28,36,65,49,13,52,79,29,23,64,50,63,28,26,25,66,38,38,47,27,36,91,25,23,84,59,13,62,25,36,44,32,77,53,45,90,60,33,68,5,19,32,60,33,43,9,71,69,82,76,29,30,46,64,45
60,91,54,70,74,49,52,68,45,47,36,38,40,50,43,38,30,64,59,47,66,64,24,22,54,45,0,31,70,58,52,85,82,28,52,66,56,37,96,71,46,78,15,74,51,11,82,36,53,34,45,55,15,88,74,39,54,23,43,45,70,9,25,48,41,46,88,52,35,69,42,35,54,40,26,25,61,32,60,49,73,6,11,82,83,47,39,48,64,82,57,45,41,71,49,78,47,25,42,62
43,43,50,35,97,36,29,37,37,30,20,59,53,56,55,23,60,80,31,83,72,44,38,91,51,34,31,0,59,35,72,54,53,37,66,70,21,84,18,60,33,45,61,35,36,34,34,46,61,52,36,86,68,61,54,69,48,70,42,46,23,54,37,53,36,45,63,71,92,85,38,35,59,84,83,53,38,56,59,35,72,51,18,73,36,83,69,41,35,82,57,49,65,84,42,64,46,51,54,53
88,53,61,68,56,46,67,52,32,35,42,54,59,55,79,71,46,81,37,39,75,27,50,96,78,47,70,59,0,36,10,54,76,17,17,39,40,64,19,99,58,57,58,85,66,51,26,30,80,66,22,61,58,77,18,68,66,38,55,42,49,33,43,43,54,53,54,51,58,80,43,66,95,53,31,65,67,80,49,66,10,84,63,9,91,12,51,60,56,62,58,36,14,60,19,17,14,32,42,62
54,71,59,51,19,17,43,63,39,67,33,40,43,39,77,49,34,47,68,44,74,47,50,58,56,74,58,35,36,0,46,77,21,83,71,53,49,9,31,58,42,38,59,12,38,37,57,66,93,45,7,78,52,58,55,61,42,49,79,49,32,41,21,90,44,54,65,35,52,65,45,50,71,24,61,42,44,20,48,40,47,50,56,52,65,61,63,65,27,80,53,46,65,59,32,32,54,67,61,69
20,49,35,44,57,15,81,55,73,49,39,74,28,38,57,15,55,83,33,80,53,41,25,83,32,55,52,72,10,46,0,66,84,91,88,51,41,34,89,26,22,74,28,44,93,67,70,63,60,88,64,40,32,49,48,60,29,22,54,50,53,46,49,82,67,69,31,69,68,55,72,49,88,41,46,17,53,59,63,44,7,37,35,56,63,63,67,82,38,22,43,79,67,57,5,7,62,51,60,36
63,36,59,35,24,17,34,56,47,48,85,49,28,24,41,37,66,44,54,57,48,62,82,26,81,3,85,54,54,77,66,0,31,41,63,43,72,49,26,30,34,59,8,46,69,67,68,86,69,21,30,61,78,72,58,64,64,83,66,68,49,42,11,47,51,63,54,53,49,27,75,42,76,35,45,49,55,63,98,56,23,36,39,32,46,78,36,77,44,29,30,7,8,65,57,50,72,76,41,26
70,48,35,54,53,25,29,59,77,52,77,40,34,35,60,20,72,20,30,48,67,59,70,34,52,53,82,53,76,21,84,31,0,59,61,66,44,47,49,6,63,20,62,84,93,60,86,54,82,36,43,14,59,47,35,99,21,54,79,39,64,54,73,47,40,8,44,54,31,76,7,35,38,42,68,35,54,58,45,53,66,67,46,46,40,56,40,65,77,34,23,36,44,47,30,52,37,70,58,52
43,68,22,48,89,89,24,13,47,24,43,51,79,38,16,57,36,64,73,38,45,47,68,76,61,82,28,37,17,83,91,41,59,0,31,52,59,76,66,51,44,85,40,54,47,70,53,67,44,34,92,38,97,53,64,75,57,14,45,59,78,54,86,58,41,85,30,79,54,59,57,47,84,90,45,35,73,48,40,50,43,41,52,52,39,70,22,47,20,22,28,34,49,47,30,22,42,82,74,51
65,28,43,58,50,25,70,39,40,44,47,65,46,57,44,39,31,44,65,41,64,36,55,48,42,75,52,66,17,71,88,63,61,31,0,50,33,54,43,73,61,31,63,53,62,49,43,43,93,16,55,49,64,42,22,54,34,65,30,55,48,57,62,21,46,69,33,46,62,26,41,33,93,41,83,78,33,60,68,49,75,80,18,66,78,49,20,21,68,42,60,54,18,47,70,49,24,67,41,56
26,25,55,65,84,74,50,64,22,17,53,19,48,21,56,51,65,52,41,31,55,55,69,55,80,54,66,70,39,53,51,43,66,52,50,0,14,38,33,69,90,59,7,53,72,57,34,41,86,44,53,98,62,36,59,88,49,61,13,31,69,50,42,60,26,33,85,16,41,46,51,33,36,71,47,16,50,46,45,66,67,60,52,50,79,68,48,41,39,37,29,65,50,58,15,77,16,29,61,63
49,49,75,78,61,43,93,26,28,54,88,49,56,52,13,47,22,32,92,24,54,36,44,94,35,15,56,21,40,49,41,72,44,59,33,14,0,51,48,47,46,63,39,79,47,23,26,35,11,25,77,65,66,31,27,18,78,56,41,62,43,51,89,73,63,19,50,44,74,59,44,29,45,25,90,9,38,43,48,14,19,25,45,56,80,44,58,62,61,73,75,23,43,80,46,65,75,73,15,42
53,59,79,40,59,84,44,59,33,49,85,48,54,58,96,73,89,45,21,41,46,49,87,37,16,46,37,84,64,9,34,49,47,76,54,38,51,0,41,37,73,74,59,45,24,21,61,40,51,49,29,35,92,50,35,33,89,50,61,50,16,59,55,86,56,34,7,38,59,39,72,17,24,29,53,59,94,64,19,66,37,48,44,55,74,45,52,57,9,65,68,70,71,35,23,39,75,77,30,16
41,53,19,43,75,36,44,38,84,54,66,62,29,46,72,4,12,67,47,65,85,36,27,29,53,50,96,18,19,31,89,26,49,66,43,33,48,41,0,70,57,50,24,42,36,79,78,33,72,23,20,35,71,70,92,42,75,12,52,60,41,43,65,51,73,29,39,48,44,64,42,39,23,39,66,51,72,27,14,61,19,60,45,54,63,28,23,85,61,51,35,48,27,38,27,51,22,35,66,36
40,58,95,47,50,54,52,59,60,55,8,68,58,81,83,52,61,63,40,18,81,52,18,72,64,80,71,60,99,58,26,30,6,51,73,69,47,37,70,0,45,44,58,34,30,72,59,57,42,44,36,61,62,60,68,9,60,47,56,39,45,88,48,20,53,67,24,88,61,66,35,69,39,76,31,36,35,30,51,44,55,42,68,29,35,28,63,83,59,59,30,48,63,75,82,33,8,60,75,57
60,68,70,26,86,3,37,28,31,16,56,39,19,41,58,79,52,57,10,40,67,8,55,47,56,28,46,33,58,42,22,34,63,44,61,90,46,73,57,45,0,79,39,29,66,76,69,60,46,77,47,61,69,58,38,39,63,66,54,24,50,79,47,86,89,80,77,38,42,60,32,35,53,73,12,86,34,40,60,65,57,44,45,85,52,46,61,54,37,46,10,13,17,23,15,46,33,43,52,39
64,11,85,56,74,24,82,22,80,29,90,77,80,68,23,4,90,59,81,57,37,60,50,50,52,51,78,45,57,38,74,59,20,85,31,59,63,74,50,44,79,0,54,79,85,5,47,42,66,73,15,48,82,38,39,45,59,23,52,52,69,63,70,42,53,77,56,65,71,71,47,37,68,9,23,46,37,35,49,62,63,48,70,58,31,80,57,50,37,33,48,28,91,52,56,80,55,39,89,86
74,59,66,40,28,25,27,31,18,36,40,51,14,78,13,37,31,13,42,71,5,21,68,22,16,55,15,61,58,59,28,8,62,40,63,7,39,59,24,58,39,54,0,25,40,69,11,15,93,41,50,50,53,53,21,58,48,87,37,68,17,58,58,66,25,45,70,36,88,65,28,81,56,54,36,56,84,14,44,80,66,42,84,44,40,38,32,59,23,60,63,44,83,56,50,46,93,54,38,33
63,16,56,65,39,50,82,62,75,65,47,61,41,96,59,47,76,57,73,51,71,64,67,71,37,31,74,35,85,12,44,46,84,54,53,53,79,45,42,34,29,79,25,0,79,36,33,23,64,49,61,49,43,55,91,66,70,63,38,25,60,23,33,72,47,48,47,42,60,56,74,49,67,64,56,56,53,42,49,44,32,54,34,54,48,86,31,27,66,74,46,77,27,70,28,56,17,63,35,20
51,76,76,73,90,33,62,44,64,20,53,70,55,37,45,62,50,68,37,49,65,84,55,14,52,35,51,36,66,38,93,69,93,47,62,72,47,24,36,30,66,85,40,79,0,29,71,34,20,61,85,55,60,53,88,68,69,18,60,40,82,50,39,47,37,74,68,19,73,46,40,21,75,68,1,56,32,60,70,93,54,32,55,57,47,34,58,33,26,67,62,45,17,61,49,63,42,46,69,42
51,60,76,40,36,74,27,48,58,87,67,85,66,27,48,5,47,45,52,79,54,26,53,51,76,28,11,34,51,37,67,67,60,70,49,57,23,21,79,72,76,5,69,36,29,0,59,68,74,68,46,53,51,41,47,46,28,54,83,53,36,66,71,35,65,20,59,25,70,70,13,62,53,35,61,50,59,70,70,69,77,37,81,44,39,33,46,44,55,44,26,62,78,48,43,27,28,94,72,81
52,85,35,63,46,11,46,94,27,40,31,58,26,61,16,58,56,58,73,28,73,84,51,46,72,36,82,34,26,57,70,68,86,53,43,34,26,61,78,59,69,47,11,33,71,59,0,65,49,48,85,70,16,60,64,60,83,57,48,17,27,33,42,55,46,23,3,55,69,71,42,65,46,51,58,82,72,58,70,59,56,53,39,45,44,44,33,44,55,40,35,32,52,61,41,61,49,53,62,47
28,64,80,48,4,68,82,34,60,41,85,69,50,58,70,90,73,79,54,34,46,76,41,44,16,65,36,46,30,66,63,86,54,67,43,41,35,40,33,57,60,42,15,23,34,68,65,0,59,32,50,27,42,45,78,47,95,79,40,57,44,26,72,59,51,66,51,70,65,32,22,37,42,32,34,66,47,89,70,44,48,61,71,31,35,56,16,71,53,40,56,30,85,26,94,52,35,37,49,48
65,14,73,37,85,49,73,26,51,51,53,62,61,60,49,55,97,64,57,50,38,52,71,56,47,49,53,61,80,93,60,69,82,44,93,86,11,51,72,42,46,66,93,64,20,74,49,59,0,58,89,49,11,75,44,66,62,59,47,68,50,87,66,62,43,73,48,20,73,27,41,62,52,42,54,49,71,28,68,63,63,32,67,22,50,24,13,82,60,35,85,55,82,31,69,37,62,91,42,93
67,66,45,33,46,49,61,22,62,29,39,87,78,41,19,80,67,62,40,33,66,73,53,46,79,13,34,52,66,45,88,21,36,34,16,44,25,49,23,44,77,73,41,49,61,68,48,32,58,0,69,87,69,11,49,48,53,79,45,29,41,26,38,54,41,48,4,72,47,49,45,51,28,17,38,76,48,61,28,65,67,33,36,33,33,83,90,47,53,62,46,3,24,51,34,57,90,53,58,47
30,43,77,94,1,62,75,62,81,5,41,79,60,49,48,42,76,37,75,42,86,60,43,67,79,52,45,36,22,7,64,30,43,92,55,53,77,29,20,36,47,15,50,61,85,46,85,50,89,69,0,32,33,59,59,57,43,77,53,52,48,40,28,45,58,46,47,17,43,40,40,43,14,34,7,62,62,49,71,88,45,71,74,42,60,56,45,67,58,12,46,70,46,56,39,39,44,11,69,50
51,44,57,23,51,44,85,40,21,35,65,71,46,26,76,46,34,93,72,65,50,70,19,58,35,79,55,86,61,78,40,61,14,38,49,98,65,35,35,61,61,48,50,49,55,53,70,27,49,87,32,0,21,60,16,51,90,58,62,68,55,17,39,43,49,71,52,34,61,91,75,35,38,57,48,47,45,15,79,65,22,39,37,61,15,11,43,52,57,63,15,33,88,48,65,43,51,49,52,34
20,74,38,56,34,85,89,51,79,39,60,42,48,71,50,54,16,79,41,55,57,44,53,37,36,29,15,68,58,52,32,78,59,97,64,62,66,92,71,62,69,82,53,43,60,51,16,42,11,69,33,21,0,51,12,95,33,71,87,73,37,88,53,88,35,74,73,90,21,42,56,50,22,30,21,74,37,40,19,57,21,79,32,25,44,37,87,20,40,22,34,58,50,46,11,48,58,41,94,55
56,44,12,36,40,44,83,49,62,46,32,41,44,83,70,27,37,64,82,65,55,53,47,57,28,23,88,61,77,58,49,72,47,53,42,36,31,50,70,60,58,38,53,55,53,41,60,45,75,11,59,60,51,0,60,40,73,11,75,34,12,87,36,77,65,27,59,81,76,8,50,49,61,49,43,53,44,37,34,80,29,16,42,65,23,48,60,50,43,64,45,91,66,30,58,46,20,70,13,69
46,24,23,21,55,91,53,84,23,59,82,36,41,5,75,52,44,76,63,88,75,51,50,36,63,64,74,54,18,55,48,58,35,64,22,59,27,35,92,68,38,39,21,91,88,47,64,78,44,49,59,16,12,60,0,35,74,36,60,92,73,38,79,45,63,72,56,95,96,30,65,81,30,55,22,79,77,45,46,25,45,50,24,48,14,49,28,34,36,35,88,43,72,43,42,41,59,63,18,62
40,47,65,17,33,21,37,89,84,50,8,55,84,17,45,21,84,64,46,56,49,22,16,57,61,50,39,69,68,61,60,64,99,75,54,88,18,33,42,9,39,45,58,66,68,46,60,47,66,48,57,51,95,40,35,0,48,74,83,39,46,54,92,48,82,79,68,34,10,54,64,72,46,48,39,55,36,53,25,43,48,50,54,29,87,16,80,52,10,24,62,77,25,40,65,20,58,36,78,49
13,42,77,79,44,57,28,41,77,17,34,35,38,46,53,65,91,63,64,88,83,57,24,72,61,63,54,48,66,42,29,64,21,57,34,49,78,89,75,60,63,59,48,70,69,28,83,95,62,53,43,90,33,73,74,48,0,69,99,84,76,40,20,61,48,41,30,42,60,76,55,49,41,29,71,35,50,33,31,49,65,51,57,64,51,55,36,81,36,29,67,49,55,61,69,38,44,86,79,46
71,36,58,81,41,47,72,79,80,53,45,38,69,27,48,68,92,82,52,54,78,84,37,43,90,28,23,70,38,49,22,83,54,14,65,61,56,50,12,47,66,23,87,63,18,54,57,79,59,79,77,58,71,11,36,74,69,0,22,49,26,47,70,31,29,81,64,21,56,54,38,65,54,26,73,80,53,54,49,74,47,65,47,40,24,49,39,47,39,39,28,80,30,51,68,55,72,48,23,76
28,57,65,64,15,57,40,33,71,69,69,87,72,65,44,35,16,93,20,70,75,47,8,46,31,26,43,42,55,79,54,66,79,45,30,13,41,61,52,56,54,52,37,38,60,83,48,40,47,45,53,62,87,75,60,83,99,22,0,80,13,66,74,72,56,38,16,33,10,19,78,45,46,96,43,22,65,59,59,39,49,37,63,69,63,34,72,73,27,41,33,67,44,19,14,10,50,32,24,68
12,73,61,24,65,80,49,72,42,8,87,52,30,44,37,61,17,20,50,79,52,45,72,29,27,25,45,46,42,49,50,68,39,59,55,31,62,50,60,39,24,52,68,25,40,53,17,57,68,29,52,68,73,34,92,39,84,49,80,0,57,26,43,69,55,92,70,60,25,47,83,63,68,74,21,94,46,44,75,53,61,81,96,58,63,6,53,54,32,48,81,43,77,20,73,48,11,45,57,53
56,42,61,63,33,63,59,32,48,39,66,57,51,18,11,48,25,7,21,45,58,8,91,49,41,66,70,23,49,32,53,49,64,78,48,69,43,16,41,45,50,69,17,60,82,36,27,44,50,41,48,55,37,12,73,46,76,26,13,57,0,73,33,43,69,18,39,42,58,27,55,67,64,56,71,58,69,61,49,63,36,51,39,39,45,53,29,49,54,64,48,71,15,65,60,61,89,69,53,70
32,61,70,97,83,57,53,56,64,13,71,89,53,7,55,8,35,87,36,53,47,75,23,80,40,38,9,54,33,41,46,42,54,54,57,50,51,59,43,88,79,63,58,23,50,66,33,26,87,26,40,17,88,87,38,54,40,47,66,26,73,0,40,64,71,37,48,34,24,58,78,72,76,59,50,93,38,82,49,80,28,29,70,53,56,60,26,48,29,63,51,50,15,57,48,64,18,30,53,18
54,85,73,63,35,50,31,26,74,82,39,62,23,49,44,45,36,31,49,61,45,57,54,78,12,38,25,37,43,21,49,11,73,86,62,42,89,55,65,48,47,70,58,33,39,71,42,72,66,38,28,39,53,36,79,92,20,70,74,43,33,40,0,70,14,28,76,38,64,17,84,43,9,31,23,47,84,34,89,22,83,28,72,56,42,84,19,55,33,50,20,49,30,41,39,35,49,17,42,46
77,46,91,29,58,38,78,55,70,63,64,43,33,83,51,93,31,35,66,24,51,36,37,62,27,47,48,53,43,90,82,47,47,58,21,60,73,86,51,20,86,42,66,72,47,35,55,59,62,54,45,43,88,77,45,48,61,31,72,69,43,64,70,0,58,7,38,44,53,79,68,67,91,63,82,52,77,60,34,82,43,52,62,19,76,41,66,73,42,55,43,33,78,40,66,25,16,84,75,77
48,51,38,35,39,88,57,57,43,83,80,81,47,22,98,37,55,74,66,46,50,49,63,68,58,27,41,36,54,44,67,51,40,41,46,26,63,56,73,53,89,53,25,47,37,65,46,51,43,41,58,49,35,65,63,82,48,29,56,55,69,71,14,58,0,69,21,39,54,69,76,57,38,47,48,51,28,25,40,60,41,57,23,32,40,78,59,41,33,80,82,46,49,67,51,65,26,29,80,69
56,69,57,81,37,49,17,60,84,61,35,80,54,30,49,58,78,50,40,36,20,46,52,33,29,36,46,45,53,54,69,63,8,85,69,33,19,34,29,67,80,77,45,48,74,20,23,66,73,48,46,71,74,27,72,79,41,81,38,92,18,37,28,7,69,0,15,87,56,50,77,17,64,26,47,40,45,92,64,51,42,49,62,23,56,45,51,50,85,44,68,66,50,87,65,56,75,38,58,38
46,65,7,46,37,73,54,77,58,73,50,31,2,49,75,75,34,51,53,47,67,66,60,47,57,91,88,63,54,65,31,54,44,30,33,85,50,7,39,24,77,56,70,47,68,59,3,51,48,4,47,52,73,59,56,68,30,64,16,70,39,48,76,38,21,15,0,48,59,79,51,36,63,46,39,79,41,56,31,52,40,29,50,13,13,83,57,54,89,37,58,10,79,35,52,65,24,88,30,28
44,63,47,19,30,72,24,51,41,42,79,68,44,80,29,66,42,32,55,31,64,56,65,22,33,25,52,71,51,35,69,53,54,79,46,16,44,38,48,88,38,65,36,42,19,25,55,70,20,72,17,34,90,81,95,34,42,21,33,60,42,34,38,44,39,87,48,0,54,45,51,92,51,47,56,88,19,39,28,65,46,28,44,53,45,64,56,84,37,17,21,35,56,59,51,55,39,27,48,72
45,59,45,66,34,30,47,40,57,71,66,64,48,53,31,19,32,44,28,25,58,50,77,73,51,23,35,92,58,52,68,49,31,54,62,41,74,59,44,61,42,71,88,60,73,70,69,65,73,47,43,61,21,76,96,10,60,56,10,25,58,24,64,53,54,56,59,54,0,58,60,51,52,74,33,66,35,68,72,30,87,68,21,52,24,21,84,52,66,59,55,61,61,22,51,42,24,47,88,44
29,34,100,29,39,52,26,85,63,54,29,66,40,35,56,52,53,69,71,26,46,53,86,54,40,84,69,85,80,65,55,27,76,59,26,46,59,39,64,66,60,71,65,56,46,70,71,32,27,49,40,91,42,8,30,54,76,54,19,47,27,58,17,79,69,50,79,45,58,0,66,90,49,64,54,29,26,35,58,11,54,40,51,34,32,83,35,30,21,85,51,52,58,46,24,50,54,34,69,46
37,44,39,56,45,33,66,78,90,56,91,54,30,46,62,90,23,5,62,60,49,58,67,32,72,59,42,38,43,45,72,75,7,57,41,51,44,72,42,35,32,47,28,74,40,13,42,22,41,45,40,75,56,50,65,64,55,38,78,83,55,78,84,68,76,77,51,51,60,66,0,56,64,6,57,76,49,38,28,44,50,16,49,50,42,60,35,59,47,57,85,43,50,50,34,30,65,10,79,57
78,41,64,83,68,20,73,38,33,35,58,17,41,55,8,37,27,30,42,23,38,55,32,69,45,13,35,35,66,50,49,42,35,47,33,33,29,17,39,69,35,37,81,49,21,62,65,37,62,51,43,35,50,49,81,72,49,65,45,63,67,72,43,67,57,17,36,92,51,90,56,0,28,81,63,50,49,87,64,75,69,53,50,39,44,79,77,64,42,47,20,55,49,44,70,46,43,47,60,36
64,38,54,65,76,37,44,63,50,32,56,65,52,83,77,72,89,55,64,39,46,43,37,12,50,62,54,59,95,71,88,76,38,84,93,36,45,24,23,39,53,68,56,67,75,53,46,42,52,28,14,38,22,61,30,46,41,54,46,68,64,76,9,91,38,64,63,51,52,49,64,28,0,67,46,52,79,62,29,47,27,42,51,68,42,53,48,32,37,53,66,65,72,3,72,51,43,36,33,55
36,41,40,34,43,73,45,58,49,60,46,35,43,45,85,28,26,96,63,62,31,13,45,37,20,25,40,84,53,24,41,35,42,90,41,71,25,29,39,76,73,9,54,64,68,35,51,32,42,17,34,57,30,49,55,48,29,26,96,74,56,59,31,63,47,26,46,47,74,64,6,81,67,0,50,57,89,74,48,40,73,70,33,69,60,30,85,35,46,1,37,39,57,54,36,54,37,32,32,43
21,67,18,45,35,50,19,47,60,13,6,33,40,65,63,46,38,66,37,46,73,37,50,73,53,36,26,83,31,61,46,45,68,45,83,47,90,53,66,31,12,23,36,56,1,61,58,34,54,38,7,48,21,43,22,39,71,73,43,21,71,50,23,82,48,47,39,56,33,54,57,63,46,50,0,14,75,65,58,61,60,30,16,65,12,52,49,87,48,61,67,58,14,70,29,60,51,58,88,38
72,45,34,65,68,75,50,85,36,40,71,79,72,74,57,57,68,48,15,15,38,66,78,64,41,44,25,53,65,42,17,49,35,35,78,16,9,59,51,36,86,46,56,56,56,50,82,66,49,76,62,47,74,53,79,55,35,80,22,94,58,93,47,52,51,40,79,88,66,29,76,50,52,57,14,0,52,33,28,86,71,59,33,40,56,73,47,20,61,48,91,62,53,20,35,25,69,78,6,68
75,2,42,86,38,60,36,51,63,40,66,55,46,52,60,52,31,22,50,88,54,58,67,11,22,32,61,38,67,44,53,55,54,73,33,50,38,94,72,35,34,37,84,53,32,59,72,47,71,48,62,45,37,44,77,36,50,53,65,46,69,38,84,77,28,45,41,19,35,26,49,49,79,89,75,52,0,34,92,49,49,27,41,31,46,58,57,12,46,67,69,39,53,79,50,3,61,43,47,66
79,43,40,37,40,57,28,62,41,22,24,33,53,46,37,35,63,48,55,78,48,24,53,80,17,77,32,56,80,20,59,63,58,48,60,46,43,64,27,30,40,35,14,42,60,70,58,89,28,61,49,15,40,37,45,53,33,54,59,44,61,82,34,60,25,92,56,39,68,35,38,87,62,74,65,33,34,0,28,46,46,68,71,56,39,35,40,48,97,57,23,50,56,34,56,34,67,54,48,56
53,21,52,34,53,37,39,54,68,65,37,41,40,91,47,26,19,57,31,18,3,64,45,9,45,53,60,59,49,48,63,98,45,40,68,45,48,19,14,51,60,49,44,49,70,70,70,70,68,28,71,79,19,34,46,25,31,49,59,75,49,49,89,34,40,64,31,28,72,58,28,64,29,48,58,28,92,28,0,61,77,3,47,69,80,49,54,52,39,53,36,27,57,16,96,47,45,59,49,49
50,63,33,25,45,32,76,34,46,13,73,83,68,4,40,44,34,30,60,80,43,66,90,33,20,45,49,35,66,40,44,56,53,50,49,66,14,66,61,44,65,62,80,44,93,69,59,44,63,65,88,65,57,80,25,43,49,74,39,53,63,80,22,82,60,51,52,65,30,11,44,75,47,40,61,86,49,46,61,0,27,80,52,65,57,18,68,64,72,25,81,38,36,78,56,27,25,33,55,65
87,47,65,20,72,26,45,93,47,50,97,53,70,60,66,39,64,77,68,71,15,61,51,64,46,90,73,72,10,47,7,23,66,43,75,67,19,37,19,55,57,63,66,32,54,77,56,48,63,67,45,22,21,29,45,48,65,47,49,61,36,28,83,43,41,42,40,46,87,54,50,69,27,73,60,71,49,46,77,27,0,71,80,76,71,66,78,52,71,65,9,76,22,51,58,28,78,25,61,78
8,62,79,44,87,51,69,18,43,24,20,14,54,91,38,41,34,82,47,29,46,28,33,31,68,60,6,51,84,50,37,36,67,41,80,60,25,48,60,42,44,48,42,54,32,37,53,61,32,33,71,39,79,16,50,50,51,65,37,81,51,29,28,52,57,49,29,28,68,40,16,53,42,70,30,59,27,68,3,80,71,0,50,42,68,53,88,65,48,19,24,86,46,18,76,65,82,31,41,46
59,20,82,37,40,55,63,49,36,78,16,79,36,76,81,58,79,62,49,53,47,30,26,62,58,33,11,18,63,56,35,39,46,52,18,52,45,44,45,68,45,70,84,34,55,81,39,71,67,36,74,37,32,42,24,54,57,47,63,96,39,70,72,62,23,62,50,44,21,51,49,50,51,33,16,33,41,71,47,52,80,50,0,48,47,3,76,40,27,59,89,52,54,45,33,89,37,50,52,89
69,58,60,88,28,68,54,80,54,20,15,29,27,56,46,61,68,74,55,66,74,34,70,24,74,68,82,73,9,52,56,32,46,52,66,50,56,55,54,29,85,58,44,54,57,44,45,31,22,33,42,61,25,65,48,29,64,40,69,58,39,53,56,19,32,23,13,53,52,34,50,39,68,69,65,40,31,56,69,65,76,42,48,0,28,35,87,72,86,66,95,32,79,9,68,48,35,56,53,34
74,38,56,69,55,68,38,60,65,37,47,40,2,92,82,38,48,39,36,51,64,77,69,22,64,5,83,36,91,65,63,46,40,39,78,79,80,74,63,35,52,31,40,48,47,39,44,35,50,33,60,15,44,23,14,87,51,24,63,63,45,56,42,76,40,56,13,45,24,32,42,44,42,60,12,56,46,39,80,57,71,68,47,28,0,27,43,48,59,48,32,74,36,20,47,38,28,36,81,35
66,36,34,46,87,68,16,70,44,66,67,37,89,48,49,59,53,55,92,68,50,24,81,44,34,19,47,83,12,61,63,78,56,70,49,68,44,45,28,28,46,80,38,86,34,33,44,56,24,83,56,11,37,48,49,16,55,49,34,6,53,60,84,41,78,45,83,64,21,83,60,79,53,30,52,73,58,35,49,18,66,53,3,35,27,0,76,75,53,83,62,52,10,70,17,39,72,41,16,43
84,30,76,8,34,94,43,14,5,51,59,39,36,48,58,27,51,52,74,52,52,72,67,60,78,32,39,69,51,63,67,36,40,22,20,48,58,52,23,63,61,57,32,31,58,46,33,16,13,90,45,43,87,60,28,80,36,39,72,53,29,26,19,66,59,51,57,56,84,35,35,77,48,85,49,47,57,40,54,68,78,88,76,87,43,76,0,62,42,72,48,49,46,89,58,65,41,20,71,75
71,18,52,44,32,38,50,63,25,95,55,58,52,59,61,47,40,51,44,69,65,66,17,61,57,60,48,41,60,65,82,77,65,47,21,41,62,57,85,83,54,50,59,27,33,44,44,71,82,47,67,52,20,50,34,52,81,47,73,54,49,48,55,73,41,50,54,84,52,30,59,64,32,35,87,20,12,48,52,64,52,65,40,72,48,75,62,0,45,35,80,39,37,77,46,44,47,23,23,56
70,12,50,72,50,49,53,38,32,81,50,15,19,80,13,64,75,24,38,50,25,39,41,52,61,33,64,35,56,27,38,44,77,20,68,39,61,9,61,59,37,37,23,66,26,55,55,53,60,53,58,57,40,43,36,10,36,39,27,32,54,29,33,42,33,85,89,37,66,21,47,42,37,46,48,61,46,97,39,72,71,48,27,86,59,53,42,45,0,2,31,27,79,38,42,73,81,28,48,59
51,47,90,63,41,43,95,46,51,57,24,53,39,82,42,41,49,38,81,45,69,57,47,71,53,43,82,82,62,80,22,29,34,22,42,37,73,65,51,59,46,33,60,74,67,44,40,40,35,62,12,63,22,64,35,24,29,39,41,48,64,63,50,55,80,44,37,17,59,85,57,47,53,1,61,48,67,57,53,25,65,19,59,66,48,83,72,35,2,0,46,55,71,87,35,39,71,42,18,49
57,57,61,87,56,24,72,77,79,47,57,14,37,52,51,50,75,93,23,43,65,90,60,64,24,9,57,57,58,53,43,30,23,28,60,29,75,68,35,30,10,48,63,46,62,26,35,56,85,46,46,15,34,45,88,62,67,28,33,81,48,51,20,43,82,68,58,21,55,51,85,20,66,37,67,91,69,23,36,81,9,24,89,95,32,62,48,80,31,46,0,53,70,48,69,45,62,36,13,49
36,54,48,54,85,67,53,42,29,69,49,70,34,31,81,18,49,19,53,58,85,46,42,37,85,71,45,49,36,46,79,7,36,34,54,65,23,70,48,48,13,28,44,77,45,62,32,30,55,3,70,33,58,91,43,77,49,80,67,43,71,50,49,33,46,66,10,35,61,52,43,55,65,39,58,62,39,50,27,38,76,86,52,32,74,52,49,39,27,55,53,0,29,67,52,77,78,57,60,50
35,78,46,68,77,44,17,65,86,54,74,23,67,38,31,42,25,88,49,42,34,52,63,21,51,69,41,65,14,65,67,8,44,49,18,50,43,71,27,63,17,91,83,27,17,78,52,85,82,24,46,88,50,66,72,25,55,30,44,77,15,15,30,78,49,50,79,56,61,58,50,49,72,57,14,53,53,56,57,36,22,46,54,79,36,10,46,37,79,71,70,29,0,67,80,12,44,63,13,91
51,31,46,44,7,27,22,78,22,35,72,46,76,66,56,37,95,43,33,73,68,70,64,41,52,82,71,84,60,59,57,65,47,47,47,58,80,35,38,75,23,52,56,70,61,48,61,26,31,51,56,48,46,30,43,40,61,51,19,20,65,57,41,40,67,87,35,59,22,46,50,44,3,54,70,20,79,34,16,78,51,18,45,9,20,70,89,77,38,87,48,67,67,0,58,75,23,40,26,78
14,61,70,80,64,77,58,65,20,65,75,62,57,81,63,16,45,54,60,57,43,55,67,34,35,76,49,42,19,32,5,57,30,30,70,15,46,23,27,82,15,56,50,28,49,43,41,94,69,34,39,65,11,58,42,65,69,68,14,73,60,48,39,66,51,65,52,51,51,24,34,70,72,36,29,35,50,56,96,56,58,76,33,68,47,17,58,46,42,35,69,52,80,58,0,61,31,73,77,68
10,80,8,64,41,49,56,11,20,21,57,45,60,53,30,66,42,66,62,71,38,56,45,25,47,29,78,64,17,32,7,50,52,22,49,77,65,39,51,33,46,80,46,56,63,27,61,52,37,57,39,43,48,46,41,20,38,55,10,48,61,64,35,25,65,56,65,55,42,50,30,46,51,54,60,25,3,34,47,27,28,65,89,48,38,39,65,44,73,39,45,77,12,75,61,0,55,53,34,51
94,49,34,47,28,45,81,48,45,59,53,17,45,68,99,45,87,51,58,65,65,79,34,35,57,30,47,46,14,54,62,72,37,42,24,16,75,75,22,8,33,55,93,17,42,28,49,35,62,90,44,51,58,20,59,58,44,72,50,11,89,18,49,16,26,75,24,39,24,54,65,43,43,37,51,69,61,67,45,25,78,82,37,35,28,72,41,47,81,71,62,78,44,23,31,55,0,99,44,65
45,47,40,61,58,93,44,43,31,14,46,60,50,14,22,45,49,47,60,60,78,66,80,60,75,46,25,51,32,67,51,76,70,82,67,29,73,77,35,60,43,39,54,63,46,94,53,37,91,53,11,49,41,70,63,36,86,48,32,45,69,30,17,84,29,38,88,27,47,34,10,47,36,32,58,78,43,54,59,33,25,31,50,56,36,41,20,23,28,42,36,57,63,40,73,53,99,0,28,16
57,48,79,74,15,52,65,29,46,64,59,45,43,72,45,67,62,72,35,50,89,30,91,47,48,64,42,54,42,61,60,41,58,74,41,61,15,30,66,75,52,89,38,35,69,72,62,49,42,58,69,52,94,13,18,78,79,23,24,57,53,53,42,75,80,58,30,48,88,69,79,60,33,32,88,6,47,48,49,55,61,41,52,53,81,16,71,23,48,18,13,60,13,26,77,34,44,28,0,32
22,37,10,59,39,78,78,13,46,37,53,29,80,35,47,50,58,45,85,86,85,73,48,90,16,45,62,53,62,69,36,26,52,51,56,63,42,16,36,57,39,86,33,20,42,81,47,48,93,47,50,34,55,69,62,49,46,76,68,53,70,18,46,77,69,38,28,72,44,46,57,36,55,43,38,68,66,56,49,65,78,46,89,34,35,43,75,56,59,49,49,50,91,78,68,51,65,16,32,0
